<?xml version="1.0" encoding="utf-8"?>
<abapGit version="v1.0.0" serializer="LCL_OBJECT_PROG" serializer_version="v1.0.0">
 <asx:abap xmlns:asx="http://www.sap.com/abapxml" version="1.0">
  <asx:values>
   <PROGDIR>
    <NAME>ZCA_VARI_SEARCH_JB</NAME>
    <STATE>A</STATE>
    <VARCL>X</VARCL>
    <SUBC>1</SUBC>
    <RLOAD>D</RLOAD>
    <FIXPT>X</FIXPT>
    <UCCHECK>X</UCCHECK>
   </PROGDIR>
   <TPOOL>
    <item>
     <ID>I</ID>
     <KEY>000</KEY>
     <ENTRY>Selektionsparameter</ENTRY>
     <LENGTH>19</LENGTH>
    </item>
    <item>
     <ID>I</ID>
     <KEY>060</KEY>
     <ENTRY>Muster</ENTRY>
     <LENGTH>6</LENGTH>
    </item>
    <item>
     <ID>I</ID>
     <KEY>061</KEY>
     <ENTRY>Gef. Muster</ENTRY>
     <LENGTH>11</LENGTH>
    </item>
    <item>
     <ID>I</ID>
     <KEY>062</KEY>
     <ENTRY>Gefundenes Muster</ENTRY>
     <LENGTH>17</LENGTH>
    </item>
    <item>
     <ID>I</ID>
     <KEY>063</KEY>
     <ENTRY>Gefundenes Muster</ENTRY>
     <LENGTH>17</LENGTH>
    </item>
    <item>
     <ID>R</ID>
     <ENTRY>CA: Varianten nach Muster durchsuchen</ENTRY>
     <LENGTH>44</LENGTH>
    </item>
    <item>
     <ID>S</ID>
     <KEY>S_EDAT</KEY>
     <ENTRY>Erfassungsdatum</ENTRY>
     <LENGTH>23</LENGTH>
    </item>
    <item>
     <ID>S</ID>
     <KEY>S_ENAME</KEY>
     <ENTRY>.</ENTRY>
     <LENGTH>20</LENGTH>
     <SPLIT>D</SPLIT>
    </item>
    <item>
     <ID>S</ID>
     <KEY>S_ENV</KEY>
     <ENTRY>.</ENTRY>
     <LENGTH>29</LENGTH>
     <SPLIT>D</SPLIT>
    </item>
    <item>
     <ID>S</ID>
     <KEY>S_PROGNA</KEY>
     <ENTRY>.</ENTRY>
     <LENGTH>18</LENGTH>
     <SPLIT>D</SPLIT>
    </item>
    <item>
     <ID>S</ID>
     <KEY>S_STR</KEY>
     <ENTRY>Suchbegriff</ENTRY>
     <LENGTH>19</LENGTH>
    </item>
    <item>
     <ID>S</ID>
     <KEY>S_TRANS</KEY>
     <ENTRY>.</ENTRY>
     <LENGTH>26</LENGTH>
     <SPLIT>D</SPLIT>
    </item>
    <item>
     <ID>S</ID>
     <KEY>S_VARI</KEY>
     <ENTRY>.</ENTRY>
     <LENGTH>16</LENGTH>
     <SPLIT>D</SPLIT>
    </item>
   </TPOOL>
  </asx:values>
 </asx:abap>
</abapGit>
