<?xml version="1.0" encoding="utf-8"?>
<abapGit version="v1.0.0" serializer="LCL_OBJECT_PROG" serializer_version="v1.0.0">
 <asx:abap xmlns:asx="http://www.sap.com/abapxml" version="1.0">
  <asx:values>
   <PROGDIR>
    <NAME>ZSDCAS04_X</NAME>
    <STATE>A</STATE>
    <VARCL>X</VARCL>
    <SUBC>1</SUBC>
    <APPL>V</APPL>
    <RSTAT>K</RSTAT>
    <RLOAD>D</RLOAD>
    <FIXPT>X</FIXPT>
    <UCCHECK>X</UCCHECK>
   </PROGDIR>
   <TPOOL>
    <item>
     <ID>H</ID>
     <KEY>001</KEY>
     <ENTRY>*  Verzweigung:   Debitor-Nr.: Posten (Debitoren-Fibu),      Name 1: Anzeige Kundenstamm,      restl. Zeile: Kontakt ändern</ENTRY>
     <LENGTH>123</LENGTH>
    </item>
    <item>
     <ID>H</ID>
     <KEY>002</KEY>
     <ENTRY>*</ENTRY>
     <LENGTH>1</LENGTH>
    </item>
    <item>
     <ID>H</ID>
     <KEY>003</KEY>
     <ENTRY>*</ENTRY>
     <LENGTH>1</LENGTH>
    </item>
    <item>
     <ID>H</ID>
     <KEY>004</KEY>
     <ENTRY>ZM KArt Kontakt         Gru Kt.beginn  Debitor  Name 1      St Text (Beschreibung)       Text (Aufg.) geändert     angelegt     Wiedervorl.Beleg-Nr.</ENTRY>
     <LENGTH>148</LENGTH>
    </item>
    <item>
     <ID>R</ID>
     <ENTRY>Kontakte nach Kontaktart, Mitarb. usw. anzeigen</ENTRY>
     <LENGTH>47</LENGTH>
    </item>
    <item>
     <ID>S</ID>
     <KEY>SO_ERDAT</KEY>
     <ENTRY>Angelegt am</ENTRY>
     <LENGTH>22</LENGTH>
    </item>
    <item>
     <ID>S</ID>
     <KEY>SO_KOSTL</KEY>
     <ENTRY>Kostenstelle</ENTRY>
     <LENGTH>20</LENGTH>
    </item>
    <item>
     <ID>S</ID>
     <KEY>SO_KTAAR</KEY>
     <ENTRY>Kontaktart</ENTRY>
     <LENGTH>18</LENGTH>
    </item>
    <item>
     <ID>S</ID>
     <KEY>SO_KTABG</KEY>
     <ENTRY>Kontaktbeginn</ENTRY>
     <LENGTH>21</LENGTH>
    </item>
    <item>
     <ID>S</ID>
     <KEY>SO_KTAGR</KEY>
     <ENTRY>Kontaktgrund</ENTRY>
     <LENGTH>20</LENGTH>
    </item>
    <item>
     <ID>S</ID>
     <KEY>SO_KTAST</KEY>
     <ENTRY>Kontaktstatus</ENTRY>
     <LENGTH>21</LENGTH>
    </item>
    <item>
     <ID>S</ID>
     <KEY>SO_KUNDE</KEY>
     <ENTRY>zuständiger Mitarbeiter</ENTRY>
     <LENGTH>31</LENGTH>
    </item>
   </TPOOL>
  </asx:values>
 </asx:abap>
</abapGit>
