<?xml version="1.0" encoding="utf-8"?>
<abapGit version="v1.0.0" serializer="LCL_OBJECT_PROG" serializer_version="v1.0.0">
 <asx:abap xmlns:asx="http://www.sap.com/abapxml" version="1.0">
  <asx:values>
   <PROGDIR>
    <NAME>ZSDCAS08_X</NAME>
    <STATE>A</STATE>
    <VARCL>X</VARCL>
    <SUBC>1</SUBC>
    <APPL>V</APPL>
    <RSTAT>K</RSTAT>
    <RLOAD>D</RLOAD>
    <FIXPT>X</FIXPT>
    <UCCHECK>X</UCCHECK>
   </PROGDIR>
   <TPOOL>
    <item>
     <ID>R</ID>
     <ENTRY>Kontakte auswählen für Kontaktverteilung</ENTRY>
     <LENGTH>47</LENGTH>
    </item>
    <item>
     <ID>S</ID>
     <KEY>S_ERDAT</KEY>
     <ENTRY>Datum angelegt von/bis</ENTRY>
     <LENGTH>30</LENGTH>
    </item>
    <item>
     <ID>S</ID>
     <KEY>S_KOSTL</KEY>
     <ENTRY>Kostenstelle</ENTRY>
     <LENGTH>20</LENGTH>
    </item>
    <item>
     <ID>S</ID>
     <KEY>S_KTAAR</KEY>
     <ENTRY>Kontaktart</ENTRY>
     <LENGTH>18</LENGTH>
    </item>
    <item>
     <ID>S</ID>
     <KEY>S_KTABG</KEY>
     <ENTRY>Kontaktbeginn</ENTRY>
     <LENGTH>21</LENGTH>
    </item>
    <item>
     <ID>S</ID>
     <KEY>S_KTAGR</KEY>
     <ENTRY>Kontaktgrund</ENTRY>
     <LENGTH>20</LENGTH>
    </item>
    <item>
     <ID>S</ID>
     <KEY>S_KTAST</KEY>
     <ENTRY>Kontaktstatus</ENTRY>
     <LENGTH>21</LENGTH>
    </item>
    <item>
     <ID>S</ID>
     <KEY>S_KUNDE</KEY>
     <ENTRY>zuständiger Mitarbeiter</ENTRY>
     <LENGTH>31</LENGTH>
    </item>
   </TPOOL>
  </asx:values>
 </asx:abap>
</abapGit>
